{
  "$schema": "https://developer.microsoft.com/json-schemas/spfx/client-side-web-part-manifest.schema.json",
  "id": "851b9a1e-300e-44fd-b63e-ebe360938abb",
  "alias": "GridWebPart",
  "componentType": "WebPart",

  "version": "*",
  "manifestVersion": 2,

  "requiresCustomScript": false,
  "supportedHosts": ["SharePointWebPart"],

  "preconfiguredEntries": [{
    "groupId": "5c03119e-3074-46fd-976b-c60198311f70",
    "group": { "default": "Other" },
    "title": { "default": "Grid" },
    "description": { "default": "Demonstrates how to create a web part that uses a grid layout" },
    "iconImageUrl": "data:image/svg+xml,%3Csvg xmlns='http://www.w3.org/2000/svg' width='32' height='32'%3E %3Cg%3E %3Cpath d='M0,10h10V0H0V10z M2,2h6v6H2V2z' class='themeableSvgPath'/%3E %3Cpath d='M0,10h10V0H0V10z M2,2h6v6H2V2z' class='themeableSvgPath'/%3E %3Cpath d='M0,10h10V0H0V10z M2,2h6v6H2V2z' class='themeableSvgPath'/%3E %3C/g%3E %3Cg%3E %3Cpath d='M0,21h10V11H0V21z M2,13h6v6H2V13z' class='themeableSvgPath'/%3E %3Cpath d='M0,21h10V11H0V21z M2,13h6v6H2V13z' class='themeableSvgPath'/%3E %3Cpath d='M0,21h10V11H0V21z M2,13h6v6H2V13z' class='themeableSvgPath'/%3E %3C/g%3E %3Cg%3E %3Cpath d='M0,32h10V22H0V32z M2,24h6v6H2V24z' class='themeableSvgPath'/%3E %3Cpath d='M0,32h10V22H0V32z M2,24h6v6H2V24z' class='themeableSvgPath'/%3E %3Cpath d='M0,32h10V22H0V32z M2,24h6v6H2V24z' class='themeableSvgPath'/%3E %3C/g%3E %3Cg%3E %3Cpath d='M11,10h10V0H11V10z M13,2h6v6h-6V2z' class='themeableSvgPath'/%3E %3Cpath d='M11,10h10V0H11V10z M13,2h6v6h-6V2z' class='themeableSvgPath'/%3E %3Cpath d='M11,10h10V0H11V10z M13,2h6v6h-6V2z' class='themeableSvgPath'/%3E %3C/g%3E %3Cg%3E %3Cpath d='M22,0v10h10V0H22z M30,8h-6V2h6V8z' class='themeableSvgPath'/%3E %3Cpath d='M22,0v10h10V0H22z M30,8h-6V2h6V8z' class='themeableSvgPath'/%3E %3Cpath d='M22,0v10h10V0H22z M30,8h-6V2h6V8z' class='themeableSvgPath'/%3E %3C/g%3E %3Cg%3E %3Cpath d='M11,21h10V11H11V21z M13,13h6v6h-6V13z' class='themeableSvgPath'/%3E %3Cpath d='M11,21h10V11H11V21z M13,13h6v6h-6V13z' class='themeableSvgPath'/%3E %3Cpath d='M11,21h10V11H11V21z M13,13h6v6h-6V13z' class='themeableSvgPath'/%3E %3C/g%3E %3Cg%3E %3Cpath d='M22,21h10V11H22V21z M24,13h6v6h-6V13z' class='themeableSvgPath'/%3E %3Cpath d='M22,21h10V11H22V21z M24,13h6v6h-6V13z' class='themeableSvgPath'/%3E %3Cpath d='M22,21h10V11H22V21z M24,13h6v6h-6V13z' class='themeableSvgPath'/%3E %3C/g%3E %3Cg%3E %3Cpath d='M11,32h10V22H11V32z M13,24h6v6h-6V24z' class='themeableSvgPath'/%3E %3Cpath d='M11,32h10V22H11V32z M13,24h6v6h-6V24z' class='themeableSvgPath'/%3E %3Cpath d='M11,32h10V22H11V32z M13,24h6v6h-6V24z' class='themeableSvgPath'/%3E %3C/g%3E %3Cg%3E %3Cpath d='M22,32h10V22H22V32z M24,24h6v6h-6V24z' class='themeableSvgPath'/%3E %3Cpath d='M22,32h10V22H22V32z M24,24h6v6h-6V24z' class='themeableSvgPath'/%3E %3Cpath d='M22,32h10V22H22V32z M24,24h6v6h-6V24z' class='themeableSvgPath'/%3E %3C/g%3E %3C/svg%3E ",
    "properties": {

    }
  }]
}
